Bundle,Element 1,Element 2,Element 3,Element 4
A,7390,7391,7389,7392
B,7378,7379,7377,7380
C,7354,7355,7353,7356
D,7395,7393,7397,7396
E,7168,7169,7167,7166
F,7333,7335,7334,7336
G,7161,7026,7028,7027
H,7398,CR 1,7399,7400
I,7368,7365,7367,7366
J,7374,7375,7373,7376
K,CR 2,7406,7404,7405
L,7342,7343,7341,7344
M,7408,7409,7407,IR
N,7345,7346,7348,7347
O,7382,7383,7381,7384
P,7371,7372,7370,7369
Q,7290,7330,7332,7331
R,7164,7165,7163,7162
S,7360,7357,7359,7358
T,7352,7349,7351,7350
U,7401,RR,7403,7402
V,7388,7385,7387,7386
W,7362,7363,7361,7364
X,7338,7337,7339,7340
